{
    "nodes": {
        "new": {
            "x": 150.0,
            "y": 120.0
        },
        "k2": {
            "x": 62.05127018922188,
            "y": 47.57214207425068
        },
        "dqwqd": {
            "x": 7.147459621556152,
            "y": 252.47595264191642
        },
        "qcq13w": {
            "x": 212.05127018922195,
            "y": 47.57214207425065
        },
        "anthoer": {
            "x": 204.9038105676658,
            "y": 195.0
        },
        "good": {
            "x": 193.30127018922195,
            "y": 274.9038105676658
        },
        "hello": {
            "x": 0.0,
            "y": 120.0
        },
        "d1": {
            "x": 137.05127018922195,
            "y": 327.4759526419165
        },
        "fr21": {
            "x": -12.948729810778048,
            "y": 177.47595264191648
        }
    },
    "connections": []
}